{"cameraMode":{"drawMode":0,"name":"Shaded","section":"Shading Mode"},"sceneLighting":true,"audioPlay":false,"sceneViewState":{"m_AlwaysRefresh":false,"showFog":true,"showSkybox":true,"showFlares":true,"showImageEffects":true,"showParticleSystems":true,"showVisualEffectGraphs":true,"m_FxEnabled":true},"in2DMode":false,"pivot":{"x":0.5747799873352051,"y":-1.6293349266052247,"z":0.8094754219055176},"rotation":{"x":-0.07377863675355911,"y":0.8991088271141052,"z":-0.16668659448623658,"w":-0.3979629576206207},"size":6.183478355407715,"orthographic":false}